{
  "project_info": {
    "project_number": "757322535805",
    "project_id": "genesis-x-ab2b4",
    "storage_bucket": "genesis-x-ab2b4.firebasestorage.app"
  },
  "client": [
    {
      "client_info": {
        "mobilesdk_app_id": "1:757322535805:android:71eb6e4731ec0ce76c3214",
        "android_client_info": {
          "package_name": "io.genesisx.publicapp"
        }
      },
      "oauth_client": [],
      "api_key": [
        {
          "current_key": "AIzaSyB2OcOJ3uIRivn4_p5j18sKb6WxIPGMUNU"
        }
      ],
      "services": {
        "appinvite_service": {
          "other_platform_oauth_client": []
        }
      }
    }
  ],
  "configuration_version": "1"
}
